,timestamp,price
0,2025-02-23 00:15:00,0.106
1,2025-02-23 00:30:00,0.106
2,2025-02-23 00:45:00,0.106
3,2025-02-23 01:00:00,0.09259999999999999
4,2025-02-23 01:15:00,0.09259999999999999
5,2025-02-23 01:30:00,0.09259999999999999
6,2025-02-23 01:45:00,0.09259999999999999
7,2025-02-23 02:00:00,0.08702
8,2025-02-23 02:15:00,0.08702
9,2025-02-23 02:30:00,0.08702
10,2025-02-23 02:45:00,0.08702
11,2025-02-23 03:00:00,0.08363
12,2025-02-23 03:15:00,0.08363
13,2025-02-23 03:30:00,0.08363
14,2025-02-23 03:45:00,0.08363
15,2025-02-23 04:00:00,0.0843
16,2025-02-23 04:15:00,0.0843
17,2025-02-23 04:30:00,0.0843
18,2025-02-23 04:45:00,0.0843
19,2025-02-23 05:00:00,0.08579
20,2025-02-23 05:15:00,0.08579
21,2025-02-23 05:30:00,0.08579
22,2025-02-23 05:45:00,0.08579
23,2025-02-23 06:00:00,0.08662
24,2025-02-23 06:15:00,0.08662
25,2025-02-23 06:30:00,0.08662
26,2025-02-23 06:45:00,0.08662
27,2025-02-23 07:00:00,0.10335
28,2025-02-23 07:15:00,0.10335
29,2025-02-23 07:30:00,0.10335
30,2025-02-23 07:45:00,0.10335
31,2025-02-23 08:00:00,0.10622
32,2025-02-23 08:15:00,0.10622
33,2025-02-23 08:30:00,0.10622
34,2025-02-23 08:45:00,0.10622
35,2025-02-23 09:00:00,0.093
36,2025-02-23 09:15:00,0.093
37,2025-02-23 09:30:00,0.093
38,2025-02-23 09:45:00,0.093
39,2025-02-23 10:00:00,0.07612999999999999
40,2025-02-23 10:15:00,0.07612999999999999
41,2025-02-23 10:30:00,0.07612999999999999
42,2025-02-23 10:45:00,0.07612999999999999
43,2025-02-23 11:00:00,0.06046
44,2025-02-23 11:15:00,0.06046
45,2025-02-23 11:30:00,0.06046
46,2025-02-23 11:45:00,0.06046
47,2025-02-23 12:00:00,0.04981
48,2025-02-23 12:15:00,0.04981
49,2025-02-23 12:30:00,0.04981
50,2025-02-23 12:45:00,0.04981
51,2025-02-23 13:00:00,0.033350000000000005
52,2025-02-23 13:15:00,0.033350000000000005
53,2025-02-23 13:30:00,0.033350000000000005
54,2025-02-23 13:45:00,0.033350000000000005
55,2025-02-23 14:00:00,0.030789999999999998
56,2025-02-23 14:15:00,0.030789999999999998
57,2025-02-23 14:30:00,0.030789999999999998
58,2025-02-23 14:45:00,0.030789999999999998
59,2025-02-23 15:00:00,0.04381
60,2025-02-23 15:15:00,0.04381
61,2025-02-23 15:30:00,0.04381
62,2025-02-23 15:45:00,0.04381
63,2025-02-23 16:00:00,0.0757
64,2025-02-23 16:15:00,0.0757
65,2025-02-23 16:30:00,0.0757
66,2025-02-23 16:45:00,0.0757
67,2025-02-23 17:00:00,0.13559000000000002
68,2025-02-23 17:15:00,0.13559000000000002
69,2025-02-23 17:30:00,0.13559000000000002
70,2025-02-23 17:45:00,0.13559000000000002
71,2025-02-23 18:00:00,0.14339
72,2025-02-23 18:15:00,0.14339
73,2025-02-23 18:30:00,0.14339
74,2025-02-23 18:45:00,0.14339
75,2025-02-23 19:00:00,0.11755
76,2025-02-23 19:15:00,0.11755
77,2025-02-23 19:30:00,0.11755
78,2025-02-23 19:45:00,0.11755
79,2025-02-23 20:00:00,0.09561
80,2025-02-23 20:15:00,0.09561
81,2025-02-23 20:30:00,0.09561
82,2025-02-23 20:45:00,0.09561
83,2025-02-23 21:00:00,0.07719
84,2025-02-23 21:15:00,0.07719
85,2025-02-23 21:30:00,0.07719
86,2025-02-23 21:45:00,0.07719
87,2025-02-23 22:00:00,0.06797
88,2025-02-23 22:15:00,0.06797
89,2025-02-23 22:30:00,0.06797
90,2025-02-23 22:45:00,0.06797
91,2025-02-23 23:00:00,0.0601
92,2025-02-23 23:15:00,0.0601
93,2025-02-23 23:30:00,0.0601
94,2025-02-23 23:45:00,0.0601
95,2025-02-24 00:00:00,0.01
96,2025-02-24 00:15:00,0.01
97,2025-02-24 00:30:00,0.01
98,2025-02-24 00:45:00,0.01
99,2025-02-24 01:00:00,0.011890000000000001
100,2025-02-24 01:15:00,0.011890000000000001
101,2025-02-24 01:30:00,0.011890000000000001
102,2025-02-24 01:45:00,0.011890000000000001
103,2025-02-24 02:00:00,0.01243
104,2025-02-24 02:15:00,0.01243
105,2025-02-24 02:30:00,0.01243
106,2025-02-24 02:45:00,0.01243
107,2025-02-24 03:00:00,0.007679999999999999
108,2025-02-24 03:15:00,0.007679999999999999
109,2025-02-24 03:30:00,0.007679999999999999
110,2025-02-24 03:45:00,0.007679999999999999
111,2025-02-24 04:00:00,0.00393
112,2025-02-24 04:15:00,0.00393
113,2025-02-24 04:30:00,0.00393
114,2025-02-24 04:45:00,0.00393
115,2025-02-24 05:00:00,0.007
116,2025-02-24 05:15:00,0.007
117,2025-02-24 05:30:00,0.007
118,2025-02-24 05:45:00,0.007
119,2025-02-24 06:00:00,0.052
120,2025-02-24 06:15:00,0.052
121,2025-02-24 06:30:00,0.052
122,2025-02-24 06:45:00,0.052
123,2025-02-24 07:00:00,0.08929000000000001
124,2025-02-24 07:15:00,0.08929000000000001
125,2025-02-24 07:30:00,0.08929000000000001
126,2025-02-24 07:45:00,0.08929000000000001
127,2025-02-24 08:00:00,0.11033
128,2025-02-24 08:15:00,0.11033
129,2025-02-24 08:30:00,0.11033
130,2025-02-24 08:45:00,0.11033
131,2025-02-24 09:00:00,0.0955
132,2025-02-24 09:15:00,0.0955
133,2025-02-24 09:30:00,0.0955
134,2025-02-24 09:45:00,0.0955
135,2025-02-24 10:00:00,0.08186
136,2025-02-24 10:15:00,0.08186
137,2025-02-24 10:30:00,0.08186
138,2025-02-24 10:45:00,0.08186
139,2025-02-24 11:00:00,0.085
140,2025-02-24 11:15:00,0.085
141,2025-02-24 11:30:00,0.085
142,2025-02-24 11:45:00,0.085
143,2025-02-24 12:00:00,0.08304
144,2025-02-24 12:15:00,0.08304
145,2025-02-24 12:30:00,0.08304
146,2025-02-24 12:45:00,0.08304
147,2025-02-24 13:00:00,0.08419
148,2025-02-24 13:15:00,0.08419
149,2025-02-24 13:30:00,0.08419
150,2025-02-24 13:45:00,0.08419
151,2025-02-24 14:00:00,0.08736
152,2025-02-24 14:15:00,0.08736
153,2025-02-24 14:30:00,0.08736
154,2025-02-24 14:45:00,0.08736
155,2025-02-24 15:00:00,0.0932
156,2025-02-24 15:15:00,0.0932
157,2025-02-24 15:30:00,0.0932
158,2025-02-24 15:45:00,0.0932
159,2025-02-24 16:00:00,0.10355
160,2025-02-24 16:15:00,0.10355
161,2025-02-24 16:30:00,0.10355
162,2025-02-24 16:45:00,0.10355
163,2025-02-24 17:00:00,0.11453
164,2025-02-24 17:15:00,0.11453
165,2025-02-24 17:30:00,0.11453
166,2025-02-24 17:45:00,0.11453
167,2025-02-24 18:00:00,0.1407
168,2025-02-24 18:15:00,0.1407
169,2025-02-24 18:30:00,0.1407
170,2025-02-24 18:45:00,0.1407
171,2025-02-24 19:00:00,0.15071
172,2025-02-24 19:15:00,0.15071
173,2025-02-24 19:30:00,0.15071
174,2025-02-24 19:45:00,0.15071
175,2025-02-24 20:00:00,0.13066
176,2025-02-24 20:15:00,0.13066
177,2025-02-24 20:30:00,0.13066
178,2025-02-24 20:45:00,0.13066
179,2025-02-24 21:00:00,0.113
180,2025-02-24 21:15:00,0.113
181,2025-02-24 21:30:00,0.113
182,2025-02-24 21:45:00,0.113
183,2025-02-24 22:00:00,0.11195999999999999
184,2025-02-24 22:15:00,0.11195999999999999
185,2025-02-24 22:30:00,0.11195999999999999
186,2025-02-24 22:45:00,0.11195999999999999
187,2025-02-24 23:00:00,0.10685
188,2025-02-24 23:15:00,0.10685
189,2025-02-24 23:30:00,0.10685
190,2025-02-24 23:45:00,0.10685
191,2025-02-25 00:00:00,0.09058
192,2025-02-25 00:15:00,0.09058
193,2025-02-25 00:30:00,0.09058
194,2025-02-25 00:45:00,0.09058
195,2025-02-25 01:00:00,0.08997
196,2025-02-25 01:15:00,0.08997
197,2025-02-25 01:30:00,0.08997
198,2025-02-25 01:45:00,0.08997
199,2025-02-25 02:00:00,0.09242
200,2025-02-25 02:15:00,0.09242
201,2025-02-25 02:30:00,0.09242
202,2025-02-25 02:45:00,0.09242
203,2025-02-25 03:00:00,0.09244
204,2025-02-25 03:15:00,0.09244
205,2025-02-25 03:30:00,0.09244
206,2025-02-25 03:45:00,0.09244
207,2025-02-25 04:00:00,0.09431999999999999
208,2025-02-25 04:15:00,0.09431999999999999
209,2025-02-25 04:30:00,0.09431999999999999
210,2025-02-25 04:45:00,0.09431999999999999
211,2025-02-25 05:00:00,0.1035
212,2025-02-25 05:15:00,0.1035
213,2025-02-25 05:30:00,0.1035
214,2025-02-25 05:45:00,0.1035
215,2025-02-25 06:00:00,0.14
216,2025-02-25 06:15:00,0.14
217,2025-02-25 06:30:00,0.14
218,2025-02-25 06:45:00,0.14
219,2025-02-25 07:00:00,0.15941
220,2025-02-25 07:15:00,0.15941
221,2025-02-25 07:30:00,0.15941
222,2025-02-25 07:45:00,0.15941
223,2025-02-25 08:00:00,0.16648
224,2025-02-25 08:15:00,0.16648
225,2025-02-25 08:30:00,0.16648
226,2025-02-25 08:45:00,0.16648
227,2025-02-25 09:00:00,0.14961000000000002
228,2025-02-25 09:15:00,0.14961000000000002
229,2025-02-25 09:30:00,0.14961000000000002
230,2025-02-25 09:45:00,0.14961000000000002
231,2025-02-25 10:00:00,0.13488
232,2025-02-25 10:15:00,0.13488
233,2025-02-25 10:30:00,0.13488
234,2025-02-25 10:45:00,0.13488
235,2025-02-25 11:00:00,0.12183
236,2025-02-25 11:15:00,0.12183
237,2025-02-25 11:30:00,0.12183
238,2025-02-25 11:45:00,0.12183
239,2025-02-25 12:00:00,0.1185
240,2025-02-25 12:15:00,0.1185
241,2025-02-25 12:30:00,0.1185
242,2025-02-25 12:45:00,0.1185
243,2025-02-25 13:00:00,0.11756
244,2025-02-25 13:15:00,0.11756
245,2025-02-25 13:30:00,0.11756
246,2025-02-25 13:45:00,0.11756
247,2025-02-25 14:00:00,0.12439
248,2025-02-25 14:15:00,0.12439
249,2025-02-25 14:30:00,0.12439
250,2025-02-25 14:45:00,0.12439
251,2025-02-25 15:00:00,0.13466999999999998
252,2025-02-25 15:15:00,0.13466999999999998
253,2025-02-25 15:30:00,0.13466999999999998
254,2025-02-25 15:45:00,0.13466999999999998
255,2025-02-25 16:00:00,0.15796000000000002
256,2025-02-25 16:15:00,0.15796000000000002
257,2025-02-25 16:30:00,0.15796000000000002
258,2025-02-25 16:45:00,0.15796000000000002
259,2025-02-25 17:00:00,0.19493000000000002
260,2025-02-25 17:15:00,0.19493000000000002
261,2025-02-25 17:30:00,0.19493000000000002
262,2025-02-25 17:45:00,0.19493000000000002
263,2025-02-25 18:00:00,0.21580000000000002
264,2025-02-25 18:15:00,0.21580000000000002
265,2025-02-25 18:30:00,0.21580000000000002
266,2025-02-25 18:45:00,0.21580000000000002
267,2025-02-25 19:00:00,0.17945
268,2025-02-25 19:15:00,0.17945
269,2025-02-25 19:30:00,0.17945
270,2025-02-25 19:45:00,0.17945
271,2025-02-25 20:00:00,0.15428
272,2025-02-25 20:15:00,0.15428
273,2025-02-25 20:30:00,0.15428
274,2025-02-25 20:45:00,0.15428
275,2025-02-25 21:00:00,0.13897
276,2025-02-25 21:15:00,0.13897
277,2025-02-25 21:30:00,0.13897
278,2025-02-25 21:45:00,0.13897
279,2025-02-25 22:00:00,0.12641
280,2025-02-25 22:15:00,0.12641
281,2025-02-25 22:30:00,0.12641
282,2025-02-25 22:45:00,0.12641
283,2025-02-25 23:00:00,0.11209000000000001
284,2025-02-25 23:15:00,0.11209000000000001
285,2025-02-25 23:30:00,0.11209000000000001
286,2025-02-25 23:45:00,0.11209000000000001
287,2025-02-26 00:00:00,0.11907999999999999
288,2025-02-26 00:15:00,0.11907999999999999
289,2025-02-26 00:30:00,0.11907999999999999
290,2025-02-26 00:45:00,0.11907999999999999
291,2025-02-26 01:00:00,0.11354
292,2025-02-26 01:15:00,0.11354
293,2025-02-26 01:30:00,0.11354
294,2025-02-26 01:45:00,0.11354
295,2025-02-26 02:00:00,0.11278
296,2025-02-26 02:15:00,0.11278
297,2025-02-26 02:30:00,0.11278
298,2025-02-26 02:45:00,0.11278
299,2025-02-26 03:00:00,0.11084999999999999
300,2025-02-26 03:15:00,0.11084999999999999
301,2025-02-26 03:30:00,0.11084999999999999
302,2025-02-26 03:45:00,0.11084999999999999
303,2025-02-26 04:00:00,0.11169
304,2025-02-26 04:15:00,0.11169
305,2025-02-26 04:30:00,0.11169
306,2025-02-26 04:45:00,0.11169
307,2025-02-26 05:00:00,0.11389
308,2025-02-26 05:15:00,0.11389
309,2025-02-26 05:30:00,0.11389
310,2025-02-26 05:45:00,0.11389
311,2025-02-26 06:00:00,0.12844999999999998
312,2025-02-26 06:15:00,0.12844999999999998
313,2025-02-26 06:30:00,0.12844999999999998
314,2025-02-26 06:45:00,0.12844999999999998
315,2025-02-26 07:00:00,0.15672
316,2025-02-26 07:15:00,0.15672
317,2025-02-26 07:30:00,0.15672
318,2025-02-26 07:45:00,0.15672
319,2025-02-26 08:00:00,0.16815
320,2025-02-26 08:15:00,0.16815
321,2025-02-26 08:30:00,0.16815
322,2025-02-26 08:45:00,0.16815
323,2025-02-26 09:00:00,0.15485
324,2025-02-26 09:15:00,0.15485
325,2025-02-26 09:30:00,0.15485
326,2025-02-26 09:45:00,0.15485
327,2025-02-26 10:00:00,0.13311
328,2025-02-26 10:15:00,0.13311
329,2025-02-26 10:30:00,0.13311
330,2025-02-26 10:45:00,0.13311
331,2025-02-26 11:00:00,0.1
332,2025-02-26 11:15:00,0.1
333,2025-02-26 11:30:00,0.1
334,2025-02-26 11:45:00,0.1
335,2025-02-26 12:00:00,0.08549
336,2025-02-26 12:15:00,0.08549
337,2025-02-26 12:30:00,0.08549
338,2025-02-26 12:45:00,0.08549
339,2025-02-26 13:00:00,0.08
340,2025-02-26 13:15:00,0.08
341,2025-02-26 13:30:00,0.08
342,2025-02-26 13:45:00,0.08
343,2025-02-26 14:00:00,0.0862
344,2025-02-26 14:15:00,0.0862
345,2025-02-26 14:30:00,0.0862
346,2025-02-26 14:45:00,0.0862
347,2025-02-26 15:00:00,0.1158
348,2025-02-26 15:15:00,0.1158
349,2025-02-26 15:30:00,0.1158
350,2025-02-26 15:45:00,0.1158
351,2025-02-26 16:00:00,0.10962999999999999
352,2025-02-26 16:15:00,0.10962999999999999
353,2025-02-26 16:30:00,0.10962999999999999
354,2025-02-26 16:45:00,0.10962999999999999
355,2025-02-26 17:00:00,0.14596
356,2025-02-26 17:15:00,0.14596
357,2025-02-26 17:30:00,0.14596
358,2025-02-26 17:45:00,0.14596
359,2025-02-26 18:00:00,0.15905000000000002
360,2025-02-26 18:15:00,0.15905000000000002
361,2025-02-26 18:30:00,0.15905000000000002
362,2025-02-26 18:45:00,0.15905000000000002
363,2025-02-26 19:00:00,0.15212
364,2025-02-26 19:15:00,0.15212
365,2025-02-26 19:30:00,0.15212
366,2025-02-26 19:45:00,0.15212
367,2025-02-26 20:00:00,0.14156
368,2025-02-26 20:15:00,0.14156
369,2025-02-26 20:30:00,0.14156
370,2025-02-26 20:45:00,0.14156
371,2025-02-26 21:00:00,0.11844
372,2025-02-26 21:15:00,0.11844
373,2025-02-26 21:30:00,0.11844
374,2025-02-26 21:45:00,0.11844
375,2025-02-26 22:00:00,0.12093999999999999
376,2025-02-26 22:15:00,0.12093999999999999
377,2025-02-26 22:30:00,0.12093999999999999
378,2025-02-26 22:45:00,0.12093999999999999
379,2025-02-26 23:00:00,0.11258
380,2025-02-26 23:15:00,0.11258
381,2025-02-26 23:30:00,0.11258
382,2025-02-26 23:45:00,0.11258
383,2025-02-27 00:00:00,0.10165
384,2025-02-27 00:15:00,0.10165
385,2025-02-27 00:30:00,0.10165
386,2025-02-27 00:45:00,0.10165
387,2025-02-27 01:00:00,0.10381
388,2025-02-27 01:15:00,0.10381
389,2025-02-27 01:30:00,0.10381
390,2025-02-27 01:45:00,0.10381
391,2025-02-27 02:00:00,0.10124
392,2025-02-27 02:15:00,0.10124
393,2025-02-27 02:30:00,0.10124
394,2025-02-27 02:45:00,0.10124
395,2025-02-27 03:00:00,0.0996
396,2025-02-27 03:15:00,0.0996
397,2025-02-27 03:30:00,0.0996
398,2025-02-27 03:45:00,0.0996
399,2025-02-27 04:00:00,0.10041
400,2025-02-27 04:15:00,0.10041
401,2025-02-27 04:30:00,0.10041
402,2025-02-27 04:45:00,0.10041
403,2025-02-27 05:00:00,0.10562
404,2025-02-27 05:15:00,0.10562
405,2025-02-27 05:30:00,0.10562
406,2025-02-27 05:45:00,0.10562
407,2025-02-27 06:00:00,0.11515
408,2025-02-27 06:15:00,0.11515
409,2025-02-27 06:30:00,0.11515
410,2025-02-27 06:45:00,0.11515
411,2025-02-27 07:00:00,0.15124
412,2025-02-27 07:15:00,0.15124
413,2025-02-27 07:30:00,0.15124
414,2025-02-27 07:45:00,0.15124
415,2025-02-27 08:00:00,0.15915
416,2025-02-27 08:15:00,0.15915
417,2025-02-27 08:30:00,0.15915
418,2025-02-27 08:45:00,0.15915
419,2025-02-27 09:00:00,0.14
420,2025-02-27 09:15:00,0.14
421,2025-02-27 09:30:00,0.14
422,2025-02-27 09:45:00,0.14
423,2025-02-27 10:00:00,0.12601
424,2025-02-27 10:15:00,0.12601
425,2025-02-27 10:30:00,0.12601
426,2025-02-27 10:45:00,0.12601
427,2025-02-27 11:00:00,0.10812000000000001
428,2025-02-27 11:15:00,0.10812000000000001
429,2025-02-27 11:30:00,0.10812000000000001
430,2025-02-27 11:45:00,0.10812000000000001
431,2025-02-27 12:00:00,0.09995
432,2025-02-27 12:15:00,0.09995
433,2025-02-27 12:30:00,0.09995
434,2025-02-27 12:45:00,0.09995
435,2025-02-27 13:00:00,0.0975
436,2025-02-27 13:15:00,0.0975
437,2025-02-27 13:30:00,0.0975
438,2025-02-27 13:45:00,0.0975
439,2025-02-27 14:00:00,0.0998
440,2025-02-27 14:15:00,0.0998
441,2025-02-27 14:30:00,0.0998
442,2025-02-27 14:45:00,0.0998
443,2025-02-27 15:00:00,0.1
444,2025-02-27 15:15:00,0.1
445,2025-02-27 15:30:00,0.1
446,2025-02-27 15:45:00,0.1
447,2025-02-27 16:00:00,0.11647
448,2025-02-27 16:15:00,0.11647
449,2025-02-27 16:30:00,0.11647
450,2025-02-27 16:45:00,0.11647
451,2025-02-27 17:00:00,0.14451
452,2025-02-27 17:15:00,0.14451
453,2025-02-27 17:30:00,0.14451
454,2025-02-27 17:45:00,0.14451
455,2025-02-27 18:00:00,0.16887
456,2025-02-27 18:15:00,0.16887
457,2025-02-27 18:30:00,0.16887
458,2025-02-27 18:45:00,0.16887
459,2025-02-27 19:00:00,0.146
460,2025-02-27 19:15:00,0.146
461,2025-02-27 19:30:00,0.146
462,2025-02-27 19:45:00,0.146
463,2025-02-27 20:00:00,0.12925
464,2025-02-27 20:15:00,0.12925
465,2025-02-27 20:30:00,0.12925
466,2025-02-27 20:45:00,0.12925
467,2025-02-27 21:00:00,0.10490000000000001
468,2025-02-27 21:15:00,0.10490000000000001
469,2025-02-27 21:30:00,0.10490000000000001
470,2025-02-27 21:45:00,0.10490000000000001
471,2025-02-27 22:00:00,0.1042
472,2025-02-27 22:15:00,0.1042
473,2025-02-27 22:30:00,0.1042
474,2025-02-27 22:45:00,0.1042
475,2025-02-27 23:00:00,0.10526
476,2025-02-27 23:15:00,0.10526
477,2025-02-27 23:30:00,0.10526
478,2025-02-27 23:45:00,0.10526
479,2025-02-28 00:00:00,0.09709999999999999
480,2025-02-28 00:15:00,0.09709999999999999
481,2025-02-28 00:30:00,0.09709999999999999
482,2025-02-28 00:45:00,0.09709999999999999
483,2025-02-28 01:00:00,
484,2025-02-28 01:15:00,
485,2025-02-28 01:30:00,
486,2025-02-28 01:45:00,
487,2025-02-28 02:00:00,
488,2025-02-28 02:15:00,
489,2025-02-28 02:30:00,
490,2025-02-28 02:45:00,
491,2025-02-28 03:00:00,
492,2025-02-28 03:15:00,
493,2025-02-28 03:30:00,
494,2025-02-28 03:45:00,
495,2025-02-28 04:00:00,
496,2025-02-28 04:15:00,
497,2025-02-28 04:30:00,
498,2025-02-28 04:45:00,
499,2025-02-28 05:00:00,
500,2025-02-28 05:15:00,
501,2025-02-28 05:30:00,
502,2025-02-28 05:45:00,
503,2025-02-28 06:00:00,
504,2025-02-28 06:15:00,
505,2025-02-28 06:30:00,
506,2025-02-28 06:45:00,
507,2025-02-28 07:00:00,
508,2025-02-28 07:15:00,
509,2025-02-28 07:30:00,
510,2025-02-28 07:45:00,
511,2025-02-28 08:00:00,
512,2025-02-28 08:15:00,
513,2025-02-28 08:30:00,
514,2025-02-28 08:45:00,
515,2025-02-28 09:00:00,
516,2025-02-28 09:15:00,
517,2025-02-28 09:30:00,
518,2025-02-28 09:45:00,
519,2025-02-28 10:00:00,
520,2025-02-28 10:15:00,
521,2025-02-28 10:30:00,
522,2025-02-28 10:45:00,
523,2025-02-28 11:00:00,
524,2025-02-28 11:15:00,
525,2025-02-28 11:30:00,
526,2025-02-28 11:45:00,
527,2025-02-28 12:00:00,
528,2025-02-28 12:15:00,
529,2025-02-28 12:30:00,
530,2025-02-28 12:45:00,
531,2025-02-28 13:00:00,
532,2025-02-28 13:15:00,
533,2025-02-28 13:30:00,
534,2025-02-28 13:45:00,
535,2025-02-28 14:00:00,
536,2025-02-28 14:15:00,
537,2025-02-28 14:30:00,
538,2025-02-28 14:45:00,
539,2025-02-28 15:00:00,
540,2025-02-28 15:15:00,
541,2025-02-28 15:30:00,
542,2025-02-28 15:45:00,
543,2025-02-28 16:00:00,
544,2025-02-28 16:15:00,
545,2025-02-28 16:30:00,
546,2025-02-28 16:45:00,
547,2025-02-28 17:00:00,
548,2025-02-28 17:15:00,
549,2025-02-28 17:30:00,
550,2025-02-28 17:45:00,
551,2025-02-28 18:00:00,
552,2025-02-28 18:15:00,
553,2025-02-28 18:30:00,
554,2025-02-28 18:45:00,
555,2025-02-28 19:00:00,
556,2025-02-28 19:15:00,
557,2025-02-28 19:30:00,
558,2025-02-28 19:45:00,
559,2025-02-28 20:00:00,
560,2025-02-28 20:15:00,
561,2025-02-28 20:30:00,
562,2025-02-28 20:45:00,
563,2025-02-28 21:00:00,
564,2025-02-28 21:15:00,
565,2025-02-28 21:30:00,
566,2025-02-28 21:45:00,
567,2025-02-28 22:00:00,
568,2025-02-28 22:15:00,
569,2025-02-28 22:30:00,
570,2025-02-28 22:45:00,
571,2025-02-28 23:00:00,
572,2025-02-28 23:15:00,
573,2025-02-28 23:30:00,
574,2025-02-28 23:45:00,
575,2025-03-01 00:00:00,0.12647
576,2025-03-01 00:15:00,0.12647
577,2025-03-01 00:30:00,0.12647
578,2025-03-01 00:45:00,0.12647
579,2025-03-01 01:00:00,0.11946999999999999
580,2025-03-01 01:15:00,0.11946999999999999
581,2025-03-01 01:30:00,0.11946999999999999
582,2025-03-01 01:45:00,0.11946999999999999
583,2025-03-01 02:00:00,0.11661
584,2025-03-01 02:15:00,0.11661
585,2025-03-01 02:30:00,0.11661
586,2025-03-01 02:45:00,0.11661
587,2025-03-01 03:00:00,0.10990000000000001
588,2025-03-01 03:15:00,0.10990000000000001
589,2025-03-01 03:30:00,0.10990000000000001
590,2025-03-01 03:45:00,0.10990000000000001
591,2025-03-01 04:00:00,0.10805
592,2025-03-01 04:15:00,0.10805
593,2025-03-01 04:30:00,0.10805
594,2025-03-01 04:45:00,0.10805
595,2025-03-01 05:00:00,0.11188
596,2025-03-01 05:15:00,0.11188
597,2025-03-01 05:30:00,0.11188
598,2025-03-01 05:45:00,0.11188
599,2025-03-01 06:00:00,0.1171
600,2025-03-01 06:15:00,0.1171
601,2025-03-01 06:30:00,0.1171
602,2025-03-01 06:45:00,0.1171
603,2025-03-01 07:00:00,0.13382
604,2025-03-01 07:15:00,0.13382
605,2025-03-01 07:30:00,0.13382
606,2025-03-01 07:45:00,0.13382
607,2025-03-01 08:00:00,0.13625
608,2025-03-01 08:15:00,0.13625
609,2025-03-01 08:30:00,0.13625
610,2025-03-01 08:45:00,0.13625
611,2025-03-01 09:00:00,0.13348
612,2025-03-01 09:15:00,0.13348
613,2025-03-01 09:30:00,0.13348
614,2025-03-01 09:45:00,0.13348
615,2025-03-01 10:00:00,0.11944
616,2025-03-01 10:15:00,0.11944
617,2025-03-01 10:30:00,0.11944
618,2025-03-01 10:45:00,0.11944
619,2025-03-01 11:00:00,0.10643000000000001
620,2025-03-01 11:15:00,0.10643000000000001
621,2025-03-01 11:30:00,0.10643000000000001
622,2025-03-01 11:45:00,0.10643000000000001
623,2025-03-01 12:00:00,0.09863
624,2025-03-01 12:15:00,0.09863
625,2025-03-01 12:30:00,0.09863
626,2025-03-01 12:45:00,0.09863
627,2025-03-01 13:00:00,0.09140999999999999
628,2025-03-01 13:15:00,0.09140999999999999
629,2025-03-01 13:30:00,0.09140999999999999
630,2025-03-01 13:45:00,0.09140999999999999
631,2025-03-01 14:00:00,0.0891
632,2025-03-01 14:15:00,0.0891
633,2025-03-01 14:30:00,0.0891
634,2025-03-01 14:45:00,0.0891
635,2025-03-01 15:00:00,0.0964
636,2025-03-01 15:15:00,0.0964
637,2025-03-01 15:30:00,0.0964
638,2025-03-01 15:45:00,0.0964
639,2025-03-01 16:00:00,0.11354
640,2025-03-01 16:15:00,0.11354
641,2025-03-01 16:30:00,0.11354
642,2025-03-01 16:45:00,0.11354
643,2025-03-01 17:00:00,0.13481
644,2025-03-01 17:15:00,0.13481
645,2025-03-01 17:30:00,0.13481
646,2025-03-01 17:45:00,0.13481
647,2025-03-01 18:00:00,0.152
648,2025-03-01 18:15:00,0.152
649,2025-03-01 18:30:00,0.152
650,2025-03-01 18:45:00,0.152
651,2025-03-01 19:00:00,0.14676
652,2025-03-01 19:15:00,0.14676
653,2025-03-01 19:30:00,0.14676
654,2025-03-01 19:45:00,0.14676
655,2025-03-01 20:00:00,0.13341
656,2025-03-01 20:15:00,0.13341
657,2025-03-01 20:30:00,0.13341
658,2025-03-01 20:45:00,0.13341
659,2025-03-01 21:00:00,0.12543
660,2025-03-01 21:15:00,0.12543
661,2025-03-01 21:30:00,0.12543
662,2025-03-01 21:45:00,0.12543
663,2025-03-01 22:00:00,0.12203
664,2025-03-01 22:15:00,0.12203
665,2025-03-01 22:30:00,0.12203
666,2025-03-01 22:45:00,0.12203
667,2025-03-01 23:00:00,0.11992
668,2025-03-01 23:15:00,0.11992
669,2025-03-01 23:30:00,0.11992
670,2025-03-01 23:45:00,0.11992
671,2025-03-02 00:00:00,0.12397
672,2025-03-02 00:15:00,0.12397
673,2025-03-02 00:30:00,0.12397
674,2025-03-02 00:45:00,0.12397
675,2025-03-02 01:00:00,0.10772
676,2025-03-02 01:15:00,0.10772
677,2025-03-02 01:30:00,0.10772
678,2025-03-02 01:45:00,0.10772
679,2025-03-02 02:00:00,0.09941
680,2025-03-02 02:15:00,0.09941
681,2025-03-02 02:30:00,0.09941
682,2025-03-02 02:45:00,0.09941
683,2025-03-02 03:00:00,0.09319
684,2025-03-02 03:15:00,0.09319
685,2025-03-02 03:30:00,0.09319
686,2025-03-02 03:45:00,0.09319
687,2025-03-02 04:00:00,0.09448999999999999
688,2025-03-02 04:15:00,0.09448999999999999
689,2025-03-02 04:30:00,0.09448999999999999
690,2025-03-02 04:45:00,0.09448999999999999
691,2025-03-02 05:00:00,0.0943
692,2025-03-02 05:15:00,0.0943
693,2025-03-02 05:30:00,0.0943
694,2025-03-02 05:45:00,0.0943
695,2025-03-02 06:00:00,0.09643
696,2025-03-02 06:15:00,0.09643
697,2025-03-02 06:30:00,0.09643
698,2025-03-02 06:45:00,0.09643
699,2025-03-02 07:00:00,0.103
700,2025-03-02 07:15:00,0.103
701,2025-03-02 07:30:00,0.103
702,2025-03-02 07:45:00,0.103
703,2025-03-02 08:00:00,0.10323
704,2025-03-02 08:15:00,0.10323
705,2025-03-02 08:30:00,0.10323
706,2025-03-02 08:45:00,0.10323
707,2025-03-02 09:00:00,0.089
708,2025-03-02 09:15:00,0.089
709,2025-03-02 09:30:00,0.089
710,2025-03-02 09:45:00,0.089
711,2025-03-02 10:00:00,0.0683
712,2025-03-02 10:15:00,0.0683
713,2025-03-02 10:30:00,0.0683
714,2025-03-02 10:45:00,0.0683
715,2025-03-02 11:00:00,0.049
716,2025-03-02 11:15:00,0.049
717,2025-03-02 11:30:00,0.049
718,2025-03-02 11:45:00,0.049
719,2025-03-02 12:00:00,0.0275
720,2025-03-02 12:15:00,0.0275
721,2025-03-02 12:30:00,0.0275
722,2025-03-02 12:45:00,0.0275
723,2025-03-02 13:00:00,-0.003
724,2025-03-02 13:15:00,-0.003
725,2025-03-02 13:30:00,-0.003
726,2025-03-02 13:45:00,-0.003
727,2025-03-02 14:00:00,-0.0038599999999999997
728,2025-03-02 14:15:00,-0.0038599999999999997
729,2025-03-02 14:30:00,-0.0038599999999999997
730,2025-03-02 14:45:00,-0.0038599999999999997
731,2025-03-02 15:00:00,0.0507
732,2025-03-02 15:15:00,0.0507
733,2025-03-02 15:30:00,0.0507
734,2025-03-02 15:45:00,0.0507
735,2025-03-02 16:00:00,0.0799
736,2025-03-02 16:15:00,0.0799
737,2025-03-02 16:30:00,0.0799
738,2025-03-02 16:45:00,0.0799
739,2025-03-02 17:00:00,0.12201999999999999
740,2025-03-02 17:15:00,0.12201999999999999
741,2025-03-02 17:30:00,0.12201999999999999
742,2025-03-02 17:45:00,0.12201999999999999
743,2025-03-02 18:00:00,0.14105
744,2025-03-02 18:15:00,0.14105
745,2025-03-02 18:30:00,0.14105
746,2025-03-02 18:45:00,0.14105
747,2025-03-02 19:00:00,0.14637999999999998
748,2025-03-02 19:15:00,0.14637999999999998
749,2025-03-02 19:30:00,0.14637999999999998
750,2025-03-02 19:45:00,0.14637999999999998
751,2025-03-02 20:00:00,0.13335
752,2025-03-02 20:15:00,0.13335
753,2025-03-02 20:30:00,0.13335
754,2025-03-02 20:45:00,0.13335
755,2025-03-02 21:00:00,0.12043999999999999
756,2025-03-02 21:15:00,0.12043999999999999
757,2025-03-02 21:30:00,0.12043999999999999
758,2025-03-02 21:45:00,0.12043999999999999
759,2025-03-02 22:00:00,0.12086
760,2025-03-02 22:15:00,0.12086
761,2025-03-02 22:30:00,0.12086
762,2025-03-02 22:45:00,0.12086
763,2025-03-02 23:00:00,0.11283
764,2025-03-02 23:15:00,0.11283
765,2025-03-02 23:30:00,0.11283
766,2025-03-02 23:45:00,0.11283
767,2025-03-03 00:00:00,0.10828
768,2025-03-03 00:15:00,0.10828
769,2025-03-03 00:30:00,0.10828
770,2025-03-03 00:45:00,0.10828
771,2025-03-03 01:00:00,0.10385
772,2025-03-03 01:15:00,0.10385
773,2025-03-03 01:30:00,0.10385
774,2025-03-03 01:45:00,0.10385
775,2025-03-03 02:00:00,0.10293000000000001
776,2025-03-03 02:15:00,0.10293000000000001
777,2025-03-03 02:30:00,0.10293000000000001
778,2025-03-03 02:45:00,0.10293000000000001
779,2025-03-03 03:00:00,0.0998
780,2025-03-03 03:15:00,0.0998
781,2025-03-03 03:30:00,0.0998
782,2025-03-03 03:45:00,0.0998
783,2025-03-03 04:00:00,0.10346999999999999
784,2025-03-03 04:15:00,0.10346999999999999
785,2025-03-03 04:30:00,0.10346999999999999
786,2025-03-03 04:45:00,0.10346999999999999
787,2025-03-03 05:00:00,0.11681
788,2025-03-03 05:15:00,0.11681
789,2025-03-03 05:30:00,0.11681
790,2025-03-03 05:45:00,0.11681
791,2025-03-03 06:00:00,0.13755
792,2025-03-03 06:15:00,0.13755
793,2025-03-03 06:30:00,0.13755
794,2025-03-03 06:45:00,0.13755
795,2025-03-03 07:00:00,0.163
796,2025-03-03 07:15:00,0.163
797,2025-03-03 07:30:00,0.163
798,2025-03-03 07:45:00,0.163
799,2025-03-03 08:00:00,0.146
800,2025-03-03 08:15:00,0.146
801,2025-03-03 08:30:00,0.146
802,2025-03-03 08:45:00,0.146
803,2025-03-03 09:00:00,0.09
804,2025-03-03 09:15:00,0.09
805,2025-03-03 09:30:00,0.09
806,2025-03-03 09:45:00,0.09
807,2025-03-03 10:00:00,0.08
808,2025-03-03 10:15:00,0.08
809,2025-03-03 10:30:00,0.08
810,2025-03-03 10:45:00,0.08
811,2025-03-03 11:00:00,0.0064
812,2025-03-03 11:15:00,0.0064
813,2025-03-03 11:30:00,0.0064
814,2025-03-03 11:45:00,0.0064
815,2025-03-03 12:00:00,0.00033
816,2025-03-03 12:15:00,0.00033
817,2025-03-03 12:30:00,0.00033
818,2025-03-03 12:45:00,0.00033
819,2025-03-03 13:00:00,-0.00176
820,2025-03-03 13:15:00,-0.00176
821,2025-03-03 13:30:00,-0.00176
822,2025-03-03 13:45:00,-0.00176
823,2025-03-03 14:00:00,0.060469999999999996
824,2025-03-03 14:15:00,0.060469999999999996
825,2025-03-03 14:30:00,0.060469999999999996
826,2025-03-03 14:45:00,0.060469999999999996
827,2025-03-03 15:00:00,0.08347
828,2025-03-03 15:15:00,0.08347
829,2025-03-03 15:30:00,0.08347
830,2025-03-03 15:45:00,0.08347
831,2025-03-03 16:00:00,0.10629999999999999
832,2025-03-03 16:15:00,0.10629999999999999
833,2025-03-03 16:30:00,0.10629999999999999
834,2025-03-03 16:45:00,0.10629999999999999
835,2025-03-03 17:00:00,0.14275
836,2025-03-03 17:15:00,0.14275
837,2025-03-03 17:30:00,0.14275
838,2025-03-03 17:45:00,0.14275
839,2025-03-03 18:00:00,0.18005000000000002
840,2025-03-03 18:15:00,0.18005000000000002
841,2025-03-03 18:30:00,0.18005000000000002
842,2025-03-03 18:45:00,0.18005000000000002
843,2025-03-03 19:00:00,0.17582
844,2025-03-03 19:15:00,0.17582
845,2025-03-03 19:30:00,0.17582
846,2025-03-03 19:45:00,0.17582
847,2025-03-03 20:00:00,0.15028
848,2025-03-03 20:15:00,0.15028
849,2025-03-03 20:30:00,0.15028
850,2025-03-03 20:45:00,0.15028
851,2025-03-03 21:00:00,0.12739
852,2025-03-03 21:15:00,0.12739
853,2025-03-03 21:30:00,0.12739
854,2025-03-03 21:45:00,0.12739
855,2025-03-03 22:00:00,0.1251
856,2025-03-03 22:15:00,0.1251
857,2025-03-03 22:30:00,0.1251
858,2025-03-03 22:45:00,0.1251
859,2025-03-03 23:00:00,0.12279000000000001
860,2025-03-03 23:15:00,0.12279000000000001
861,2025-03-03 23:30:00,0.12279000000000001
862,2025-03-03 23:45:00,0.12279000000000001
863,2025-03-04 00:00:00,0.12129000000000001
864,2025-03-04 00:15:00,0.12129000000000001
865,2025-03-04 00:30:00,0.12129000000000001
866,2025-03-04 00:45:00,0.12129000000000001
867,2025-03-04 01:00:00,0.10976000000000001
868,2025-03-04 01:15:00,0.10976000000000001
869,2025-03-04 01:30:00,0.10976000000000001
870,2025-03-04 01:45:00,0.10976000000000001
871,2025-03-04 02:00:00,0.10399
872,2025-03-04 02:15:00,0.10399
873,2025-03-04 02:30:00,0.10399
874,2025-03-04 02:45:00,0.10399
875,2025-03-04 03:00:00,0.10495
876,2025-03-04 03:15:00,0.10495
877,2025-03-04 03:30:00,0.10495
878,2025-03-04 03:45:00,0.10495
879,2025-03-04 04:00:00,0.10062
880,2025-03-04 04:15:00,0.10062
881,2025-03-04 04:30:00,0.10062
882,2025-03-04 04:45:00,0.10062
883,2025-03-04 05:00:00,0.11039
884,2025-03-04 05:15:00,0.11039
885,2025-03-04 05:30:00,0.11039
886,2025-03-04 05:45:00,0.11039
887,2025-03-04 06:00:00,0.13811
888,2025-03-04 06:15:00,0.13811
889,2025-03-04 06:30:00,0.13811
890,2025-03-04 06:45:00,0.13811
891,2025-03-04 07:00:00,0.16962
892,2025-03-04 07:15:00,0.16962
893,2025-03-04 07:30:00,0.16962
894,2025-03-04 07:45:00,0.16962
895,2025-03-04 08:00:00,0.14195
896,2025-03-04 08:15:00,0.14195
897,2025-03-04 08:30:00,0.14195
898,2025-03-04 08:45:00,0.14195
899,2025-03-04 09:00:00,0.122
900,2025-03-04 09:15:00,0.122
901,2025-03-04 09:30:00,0.122
902,2025-03-04 09:45:00,0.122
903,2025-03-04 10:00:00,0.08997
904,2025-03-04 10:15:00,0.08997
905,2025-03-04 10:30:00,0.08997
906,2025-03-04 10:45:00,0.08997
907,2025-03-04 11:00:00,0.03
908,2025-03-04 11:15:00,0.03
909,2025-03-04 11:30:00,0.03
910,2025-03-04 11:45:00,0.03
911,2025-03-04 12:00:00,-0.003
912,2025-03-04 12:15:00,-0.003
913,2025-03-04 12:30:00,-0.003
914,2025-03-04 12:45:00,-0.003
915,2025-03-04 13:00:00,0.00404
916,2025-03-04 13:15:00,0.00404
917,2025-03-04 13:30:00,0.00404
918,2025-03-04 13:45:00,0.00404
919,2025-03-04 14:00:00,0.05178
920,2025-03-04 14:15:00,0.05178
921,2025-03-04 14:30:00,0.05178
922,2025-03-04 14:45:00,0.05178
923,2025-03-04 15:00:00,0.08152
924,2025-03-04 15:15:00,0.08152
925,2025-03-04 15:30:00,0.08152
926,2025-03-04 15:45:00,0.08152
927,2025-03-04 16:00:00,0.109
928,2025-03-04 16:15:00,0.109
929,2025-03-04 16:30:00,0.109
930,2025-03-04 16:45:00,0.109
931,2025-03-04 17:00:00,0.14258
932,2025-03-04 17:15:00,0.14258
933,2025-03-04 17:30:00,0.14258
934,2025-03-04 17:45:00,0.14258
935,2025-03-04 18:00:00,0.17393
936,2025-03-04 18:15:00,0.17393
937,2025-03-04 18:30:00,0.17393
938,2025-03-04 18:45:00,0.17393
939,2025-03-04 19:00:00,0.16394999999999998
940,2025-03-04 19:15:00,0.16394999999999998
941,2025-03-04 19:30:00,0.16394999999999998
942,2025-03-04 19:45:00,0.16394999999999998
943,2025-03-04 20:00:00,0.13340000000000002
944,2025-03-04 20:15:00,0.13340000000000002
945,2025-03-04 20:30:00,0.13340000000000002
946,2025-03-04 20:45:00,0.13340000000000002
947,2025-03-04 21:00:00,0.11485
948,2025-03-04 21:15:00,0.11485
949,2025-03-04 21:30:00,0.11485
950,2025-03-04 21:45:00,0.11485
951,2025-03-04 22:00:00,0.11429
952,2025-03-04 22:15:00,0.11429
953,2025-03-04 22:30:00,0.11429
954,2025-03-04 22:45:00,0.11429
955,2025-03-04 23:00:00,0.10729000000000001
956,2025-03-04 23:15:00,0.10729000000000001
957,2025-03-04 23:30:00,0.10729000000000001
958,2025-03-04 23:45:00,0.10729000000000001
959,2025-03-05 00:00:00,0.092
960,2025-03-05 00:15:00,0.092
961,2025-03-05 00:30:00,0.092
962,2025-03-05 00:45:00,0.092
963,2025-03-05 01:00:00,0.09290000000000001
964,2025-03-05 01:15:00,0.09290000000000001
965,2025-03-05 01:30:00,0.09290000000000001
966,2025-03-05 01:45:00,0.09290000000000001
967,2025-03-05 02:00:00,0.0846
968,2025-03-05 02:15:00,0.0846
969,2025-03-05 02:30:00,0.0846
970,2025-03-05 02:45:00,0.0846
971,2025-03-05 03:00:00,0.08031999999999999
972,2025-03-05 03:15:00,0.08031999999999999
973,2025-03-05 03:30:00,0.08031999999999999
974,2025-03-05 03:45:00,0.08031999999999999
975,2025-03-05 04:00:00,0.08223
976,2025-03-05 04:15:00,0.08223
977,2025-03-05 04:30:00,0.08223
978,2025-03-05 04:45:00,0.08223
979,2025-03-05 05:00:00,0.09237000000000001
980,2025-03-05 05:15:00,0.09237000000000001
981,2025-03-05 05:30:00,0.09237000000000001
982,2025-03-05 05:45:00,0.09237000000000001
983,2025-03-05 06:00:00,0.11608
984,2025-03-05 06:15:00,0.11608
985,2025-03-05 06:30:00,0.11608
986,2025-03-05 06:45:00,0.11608
987,2025-03-05 07:00:00,0.14049
988,2025-03-05 07:15:00,0.14049
989,2025-03-05 07:30:00,0.14049
990,2025-03-05 07:45:00,0.14049
991,2025-03-05 08:00:00,0.14152
992,2025-03-05 08:15:00,0.14152
993,2025-03-05 08:30:00,0.14152
994,2025-03-05 08:45:00,0.14152
995,2025-03-05 09:00:00,0.04423
996,2025-03-05 09:15:00,0.04423
997,2025-03-05 09:30:00,0.04423
998,2025-03-05 09:45:00,0.04423
999,2025-03-05 10:00:00,-0.00624
1000,2025-03-05 10:15:00,-0.00624
1001,2025-03-05 10:30:00,-0.00624
1002,2025-03-05 10:45:00,-0.00624
1003,2025-03-05 11:00:00,-0.011
1004,2025-03-05 11:15:00,-0.011
1005,2025-03-05 11:30:00,-0.011
1006,2025-03-05 11:45:00,-0.011
1007,2025-03-05 12:00:00,-0.02035
1008,2025-03-05 12:15:00,-0.02035
1009,2025-03-05 12:30:00,-0.02035
1010,2025-03-05 12:45:00,-0.02035
1011,2025-03-05 13:00:00,-0.00885
1012,2025-03-05 13:15:00,-0.00885
1013,2025-03-05 13:30:00,-0.00885
1014,2025-03-05 13:45:00,-0.00885
1015,2025-03-05 14:00:00,-0.002
1016,2025-03-05 14:15:00,-0.002
1017,2025-03-05 14:30:00,-0.002
1018,2025-03-05 14:45:00,-0.002
1019,2025-03-05 15:00:00,0.04838
1020,2025-03-05 15:15:00,0.04838
1021,2025-03-05 15:30:00,0.04838
1022,2025-03-05 15:45:00,0.04838
1023,2025-03-05 16:00:00,0.0861
1024,2025-03-05 16:15:00,0.0861
1025,2025-03-05 16:30:00,0.0861
1026,2025-03-05 16:45:00,0.0861
1027,2025-03-05 17:00:00,0.12709
1028,2025-03-05 17:15:00,0.12709
1029,2025-03-05 17:30:00,0.12709
1030,2025-03-05 17:45:00,0.12709
1031,2025-03-05 18:00:00,0.14378
1032,2025-03-05 18:15:00,0.14378
1033,2025-03-05 18:30:00,0.14378
1034,2025-03-05 18:45:00,0.14378
1035,2025-03-05 19:00:00,0.14615999999999998
1036,2025-03-05 19:15:00,0.14615999999999998
1037,2025-03-05 19:30:00,0.14615999999999998
1038,2025-03-05 19:45:00,0.14615999999999998
1039,2025-03-05 20:00:00,0.12231
1040,2025-03-05 20:15:00,0.12231
1041,2025-03-05 20:30:00,0.12231
1042,2025-03-05 20:45:00,0.12231
1043,2025-03-05 21:00:00,0.10792
1044,2025-03-05 21:15:00,0.10792
1045,2025-03-05 21:30:00,0.10792
1046,2025-03-05 21:45:00,0.10792
1047,2025-03-05 22:00:00,0.10878
1048,2025-03-05 22:15:00,0.10878
1049,2025-03-05 22:30:00,0.10878
1050,2025-03-05 22:45:00,0.10878
1051,2025-03-05 23:00:00,0.09739
1052,2025-03-05 23:15:00,0.09739
1053,2025-03-05 23:30:00,0.09739
1054,2025-03-05 23:45:00,0.09739
1055,2025-03-06 00:00:00,0.0841
1056,2025-03-06 00:15:00,0.0841
1057,2025-03-06 00:30:00,0.0841
1058,2025-03-06 00:45:00,0.0841
1059,2025-03-06 01:00:00,0.08414
1060,2025-03-06 01:15:00,0.08414
1061,2025-03-06 01:30:00,0.08414
1062,2025-03-06 01:45:00,0.08414
1063,2025-03-06 02:00:00,0.08483
1064,2025-03-06 02:15:00,0.08483
1065,2025-03-06 02:30:00,0.08483
1066,2025-03-06 02:45:00,0.08483
1067,2025-03-06 03:00:00,0.08459
1068,2025-03-06 03:15:00,0.08459
1069,2025-03-06 03:30:00,0.08459
1070,2025-03-06 03:45:00,0.08459
1071,2025-03-06 04:00:00,0.0901
1072,2025-03-06 04:15:00,0.0901
1073,2025-03-06 04:30:00,0.0901
1074,2025-03-06 04:45:00,0.0901
1075,2025-03-06 05:00:00,0.09353
1076,2025-03-06 05:15:00,0.09353
1077,2025-03-06 05:30:00,0.09353
1078,2025-03-06 05:45:00,0.09353
1079,2025-03-06 06:00:00,0.13287000000000002
1080,2025-03-06 06:15:00,0.13287000000000002
1081,2025-03-06 06:30:00,0.13287000000000002
1082,2025-03-06 06:45:00,0.13287000000000002
1083,2025-03-06 07:00:00,0.14724
1084,2025-03-06 07:15:00,0.14724
1085,2025-03-06 07:30:00,0.14724
1086,2025-03-06 07:45:00,0.14724
1087,2025-03-06 08:00:00,0.1085
1088,2025-03-06 08:15:00,0.1085
1089,2025-03-06 08:30:00,0.1085
1090,2025-03-06 08:45:00,0.1085
1091,2025-03-06 09:00:00,0.07872
1092,2025-03-06 09:15:00,0.07872
1093,2025-03-06 09:30:00,0.07872
1094,2025-03-06 09:45:00,0.07872
1095,2025-03-06 10:00:00,0.05062
1096,2025-03-06 10:15:00,0.05062
1097,2025-03-06 10:30:00,0.05062
1098,2025-03-06 10:45:00,0.05062
1099,2025-03-06 11:00:00,0.00158
1100,2025-03-06 11:15:00,0.00158
1101,2025-03-06 11:30:00,0.00158
1102,2025-03-06 11:45:00,0.00158
1103,2025-03-06 12:00:00,-0.00447
1104,2025-03-06 12:15:00,-0.00447
1105,2025-03-06 12:30:00,-0.00447
1106,2025-03-06 12:45:00,-0.00447
1107,2025-03-06 13:00:00,-0.00204
1108,2025-03-06 13:15:00,-0.00204
1109,2025-03-06 13:30:00,-0.00204
1110,2025-03-06 13:45:00,-0.00204
1111,2025-03-06 14:00:00,0.01316
1112,2025-03-06 14:15:00,0.01316
1113,2025-03-06 14:30:00,0.01316
1114,2025-03-06 14:45:00,0.01316
1115,2025-03-06 15:00:00,0.06361
1116,2025-03-06 15:15:00,0.06361
1117,2025-03-06 15:30:00,0.06361
1118,2025-03-06 15:45:00,0.06361
1119,2025-03-06 16:00:00,0.10056
1120,2025-03-06 16:15:00,0.10056
1121,2025-03-06 16:30:00,0.10056
1122,2025-03-06 16:45:00,0.10056
1123,2025-03-06 17:00:00,0.13682
1124,2025-03-06 17:15:00,0.13682
1125,2025-03-06 17:30:00,0.13682
1126,2025-03-06 17:45:00,0.13682
1127,2025-03-06 18:00:00,0.15572999999999998
1128,2025-03-06 18:15:00,0.15572999999999998
1129,2025-03-06 18:30:00,0.15572999999999998
1130,2025-03-06 18:45:00,0.15572999999999998
1131,2025-03-06 19:00:00,0.13233
1132,2025-03-06 19:15:00,0.13233
1133,2025-03-06 19:30:00,0.13233
1134,2025-03-06 19:45:00,0.13233
1135,2025-03-06 20:00:00,0.1107
1136,2025-03-06 20:15:00,0.1107
1137,2025-03-06 20:30:00,0.1107
1138,2025-03-06 20:45:00,0.1107
1139,2025-03-06 21:00:00,0.10337
1140,2025-03-06 21:15:00,0.10337
1141,2025-03-06 21:30:00,0.10337
1142,2025-03-06 21:45:00,0.10337
1143,2025-03-06 22:00:00,0.0964
1144,2025-03-06 22:15:00,0.0964
1145,2025-03-06 22:30:00,0.0964
1146,2025-03-06 22:45:00,0.0964
1147,2025-03-06 23:00:00,0.086
1148,2025-03-06 23:15:00,0.086
1149,2025-03-06 23:30:00,0.086
1150,2025-03-06 23:45:00,0.086
1151,2025-03-07 00:00:00,0.08458
1152,2025-03-07 00:15:00,0.08458
1153,2025-03-07 00:30:00,0.08458
1154,2025-03-07 00:45:00,0.08458
1155,2025-03-07 01:00:00,0.086
1156,2025-03-07 01:15:00,0.086
1157,2025-03-07 01:30:00,0.086
1158,2025-03-07 01:45:00,0.086
1159,2025-03-07 02:00:00,0.087
1160,2025-03-07 02:15:00,0.087
1161,2025-03-07 02:30:00,0.087
1162,2025-03-07 02:45:00,0.087
1163,2025-03-07 03:00:00,0.08588
1164,2025-03-07 03:15:00,0.08588
1165,2025-03-07 03:30:00,0.08588
1166,2025-03-07 03:45:00,0.08588
1167,2025-03-07 04:00:00,0.09
1168,2025-03-07 04:15:00,0.09
1169,2025-03-07 04:30:00,0.09
1170,2025-03-07 04:45:00,0.09
1171,2025-03-07 05:00:00,0.1013
1172,2025-03-07 05:15:00,0.1013
1173,2025-03-07 05:30:00,0.1013
1174,2025-03-07 05:45:00,0.1013
1175,2025-03-07 06:00:00,0.1072
1176,2025-03-07 06:15:00,0.1072
1177,2025-03-07 06:30:00,0.1072
1178,2025-03-07 06:45:00,0.1072
1179,2025-03-07 07:00:00,0.13659000000000002
1180,2025-03-07 07:15:00,0.13659000000000002
1181,2025-03-07 07:30:00,0.13659000000000002
1182,2025-03-07 07:45:00,0.13659000000000002
1183,2025-03-07 08:00:00,0.11701
1184,2025-03-07 08:15:00,0.11701
1185,2025-03-07 08:30:00,0.11701
1186,2025-03-07 08:45:00,0.11701
1187,2025-03-07 09:00:00,0.08211
1188,2025-03-07 09:15:00,0.08211
1189,2025-03-07 09:30:00,0.08211
1190,2025-03-07 09:45:00,0.08211
1191,2025-03-07 10:00:00,0.06337
1192,2025-03-07 10:15:00,0.06337
1193,2025-03-07 10:30:00,0.06337
1194,2025-03-07 10:45:00,0.06337
1195,2025-03-07 11:00:00,0.03181
1196,2025-03-07 11:15:00,0.03181
1197,2025-03-07 11:30:00,0.03181
1198,2025-03-07 11:45:00,0.03181
1199,2025-03-07 12:00:00,0.01279
1200,2025-03-07 12:15:00,0.01279
1201,2025-03-07 12:30:00,0.01279
1202,2025-03-07 12:45:00,0.01279
1203,2025-03-07 13:00:00,0.00679
1204,2025-03-07 13:15:00,0.00679
1205,2025-03-07 13:30:00,0.00679
1206,2025-03-07 13:45:00,0.00679
1207,2025-03-07 14:00:00,0.032920000000000005
1208,2025-03-07 14:15:00,0.032920000000000005
1209,2025-03-07 14:30:00,0.032920000000000005
1210,2025-03-07 14:45:00,0.032920000000000005
1211,2025-03-07 15:00:00,0.06998
1212,2025-03-07 15:15:00,0.06998
1213,2025-03-07 15:30:00,0.06998
1214,2025-03-07 15:45:00,0.06998
1215,2025-03-07 16:00:00,0.11
1216,2025-03-07 16:15:00,0.11
1217,2025-03-07 16:30:00,0.11
1218,2025-03-07 16:45:00,0.11
1219,2025-03-07 17:00:00,0.13483
1220,2025-03-07 17:15:00,0.13483
1221,2025-03-07 17:30:00,0.13483
1222,2025-03-07 17:45:00,0.13483
1223,2025-03-07 18:00:00,0.19547
1224,2025-03-07 18:15:00,0.19547
1225,2025-03-07 18:30:00,0.19547
1226,2025-03-07 18:45:00,0.19547
1227,2025-03-07 19:00:00,0.1658
1228,2025-03-07 19:15:00,0.1658
1229,2025-03-07 19:30:00,0.1658
1230,2025-03-07 19:45:00,0.1658
1231,2025-03-07 20:00:00,0.13611
1232,2025-03-07 20:15:00,0.13611
1233,2025-03-07 20:30:00,0.13611
1234,2025-03-07 20:45:00,0.13611
1235,2025-03-07 21:00:00,0.11855
1236,2025-03-07 21:15:00,0.11855
1237,2025-03-07 21:30:00,0.11855
1238,2025-03-07 21:45:00,0.11855
1239,2025-03-07 22:00:00,0.10912000000000001
1240,2025-03-07 22:15:00,0.10912000000000001
1241,2025-03-07 22:30:00,0.10912000000000001
1242,2025-03-07 22:45:00,0.10912000000000001
1243,2025-03-07 23:00:00,0.10242
1244,2025-03-07 23:15:00,0.10242
1245,2025-03-07 23:30:00,0.10242
1246,2025-03-07 23:45:00,0.10242
1247,2025-03-08 00:00:00,0.11757
1248,2025-03-08 00:15:00,0.11757
1249,2025-03-08 00:30:00,0.11757
1250,2025-03-08 00:45:00,0.11757
1251,2025-03-08 01:00:00,0.10251
1252,2025-03-08 01:15:00,0.10251
1253,2025-03-08 01:30:00,0.10251
1254,2025-03-08 01:45:00,0.10251
1255,2025-03-08 02:00:00,0.097
1256,2025-03-08 02:15:00,0.097
1257,2025-03-08 02:30:00,0.097
1258,2025-03-08 02:45:00,0.097
1259,2025-03-08 03:00:00,0.09936
1260,2025-03-08 03:15:00,0.09936
1261,2025-03-08 03:30:00,0.09936
1262,2025-03-08 03:45:00,0.09936
1263,2025-03-08 04:00:00,0.10071
1264,2025-03-08 04:15:00,0.10071
1265,2025-03-08 04:30:00,0.10071
1266,2025-03-08 04:45:00,0.10071
1267,2025-03-08 05:00:00,0.10341
1268,2025-03-08 05:15:00,0.10341
1269,2025-03-08 05:30:00,0.10341
1270,2025-03-08 05:45:00,0.10341
1271,2025-03-08 06:00:00,0.1149
1272,2025-03-08 06:15:00,0.1149
1273,2025-03-08 06:30:00,0.1149
1274,2025-03-08 06:45:00,0.1149
1275,2025-03-08 07:00:00,0.11
1276,2025-03-08 07:15:00,0.11
1277,2025-03-08 07:30:00,0.11
1278,2025-03-08 07:45:00,0.11
1279,2025-03-08 08:00:00,0.09804
1280,2025-03-08 08:15:00,0.09804
1281,2025-03-08 08:30:00,0.09804
1282,2025-03-08 08:45:00,0.09804
1283,2025-03-08 09:00:00,0.07254000000000001
1284,2025-03-08 09:15:00,0.07254000000000001
1285,2025-03-08 09:30:00,0.07254000000000001
1286,2025-03-08 09:45:00,0.07254000000000001
1287,2025-03-08 10:00:00,0.01805
1288,2025-03-08 10:15:00,0.01805
1289,2025-03-08 10:30:00,0.01805
1290,2025-03-08 10:45:00,0.01805
1291,2025-03-08 11:00:00,0.00152
1292,2025-03-08 11:15:00,0.00152
1293,2025-03-08 11:30:00,0.00152
1294,2025-03-08 11:45:00,0.00152
1295,2025-03-08 12:00:00,-0.00366
1296,2025-03-08 12:15:00,-0.00366
1297,2025-03-08 12:30:00,-0.00366
1298,2025-03-08 12:45:00,-0.00366
1299,2025-03-08 13:00:00,-0.00051
1300,2025-03-08 13:15:00,-0.00051
1301,2025-03-08 13:30:00,-0.00051
1302,2025-03-08 13:45:00,-0.00051
1303,2025-03-08 14:00:00,7.000000000000001e-05
1304,2025-03-08 14:15:00,7.000000000000001e-05
1305,2025-03-08 14:30:00,7.000000000000001e-05
1306,2025-03-08 14:45:00,7.000000000000001e-05
1307,2025-03-08 15:00:00,0.04536
1308,2025-03-08 15:15:00,0.04536
1309,2025-03-08 15:30:00,0.04536
1310,2025-03-08 15:45:00,0.04536
1311,2025-03-08 16:00:00,0.08459
1312,2025-03-08 16:15:00,0.08459
1313,2025-03-08 16:30:00,0.08459
1314,2025-03-08 16:45:00,0.08459
1315,2025-03-08 17:00:00,0.13041999999999998
1316,2025-03-08 17:15:00,0.13041999999999998
1317,2025-03-08 17:30:00,0.13041999999999998
1318,2025-03-08 17:45:00,0.13041999999999998
1319,2025-03-08 18:00:00,0.1509
1320,2025-03-08 18:15:00,0.1509
1321,2025-03-08 18:30:00,0.1509
1322,2025-03-08 18:45:00,0.1509
1323,2025-03-08 19:00:00,0.12235
1324,2025-03-08 19:15:00,0.12235
1325,2025-03-08 19:30:00,0.12235
1326,2025-03-08 19:45:00,0.12235
1327,2025-03-08 20:00:00,0.09906000000000001
1328,2025-03-08 20:15:00,0.09906000000000001
1329,2025-03-08 20:30:00,0.09906000000000001
1330,2025-03-08 20:45:00,0.09906000000000001
1331,2025-03-08 21:00:00,0.09018000000000001
1332,2025-03-08 21:15:00,0.09018000000000001
1333,2025-03-08 21:30:00,0.09018000000000001
1334,2025-03-08 21:45:00,0.09018000000000001
1335,2025-03-08 22:00:00,0.08806
1336,2025-03-08 22:15:00,0.08806
1337,2025-03-08 22:30:00,0.08806
1338,2025-03-08 22:45:00,0.08806
1339,2025-03-08 23:00:00,0.08648
1340,2025-03-08 23:15:00,0.08648
1341,2025-03-08 23:30:00,0.08648
1342,2025-03-08 23:45:00,0.08648
1343,2025-03-09 00:00:00,0.08497
1344,2025-03-09 00:15:00,0.08497
1345,2025-03-09 00:30:00,0.08497
1346,2025-03-09 00:45:00,0.08497
1347,2025-03-09 01:00:00,0.0868
1348,2025-03-09 01:15:00,0.0868
1349,2025-03-09 01:30:00,0.0868
1350,2025-03-09 01:45:00,0.0868
1351,2025-03-09 02:00:00,0.0857
1352,2025-03-09 02:15:00,0.0857
1353,2025-03-09 02:30:00,0.0857
1354,2025-03-09 02:45:00,0.0857
1355,2025-03-09 03:00:00,0.09586
1356,2025-03-09 03:15:00,0.09586
1357,2025-03-09 03:30:00,0.09586
1358,2025-03-09 03:45:00,0.09586
1359,2025-03-09 04:00:00,0.09772
1360,2025-03-09 04:15:00,0.09772
1361,2025-03-09 04:30:00,0.09772
1362,2025-03-09 04:45:00,0.09772
1363,2025-03-09 05:00:00,0.09985
1364,2025-03-09 05:15:00,0.09985
1365,2025-03-09 05:30:00,0.09985
1366,2025-03-09 05:45:00,0.09985
1367,2025-03-09 06:00:00,0.1
1368,2025-03-09 06:15:00,0.1
1369,2025-03-09 06:30:00,0.1
1370,2025-03-09 06:45:00,0.1
1371,2025-03-09 07:00:00,0.08734
1372,2025-03-09 07:15:00,0.08734
1373,2025-03-09 07:30:00,0.08734
1374,2025-03-09 07:45:00,0.08734
1375,2025-03-09 08:00:00,0.06221
1376,2025-03-09 08:15:00,0.06221
1377,2025-03-09 08:30:00,0.06221
1378,2025-03-09 08:45:00,0.06221
1379,2025-03-09 09:00:00,0.02927
1380,2025-03-09 09:15:00,0.02927
1381,2025-03-09 09:30:00,0.02927
1382,2025-03-09 09:45:00,0.02927
1383,2025-03-09 10:00:00,0.0101
1384,2025-03-09 10:15:00,0.0101
1385,2025-03-09 10:30:00,0.0101
1386,2025-03-09 10:45:00,0.0101
1387,2025-03-09 11:00:00,-0.006549999999999999
1388,2025-03-09 11:15:00,-0.006549999999999999
1389,2025-03-09 11:30:00,-0.006549999999999999
1390,2025-03-09 11:45:00,-0.006549999999999999
1391,2025-03-09 12:00:00,-0.01277
1392,2025-03-09 12:15:00,-0.01277
1393,2025-03-09 12:30:00,-0.01277
1394,2025-03-09 12:45:00,-0.01277
1395,2025-03-09 13:00:00,-0.008060000000000001
1396,2025-03-09 13:15:00,-0.008060000000000001
1397,2025-03-09 13:30:00,-0.008060000000000001
1398,2025-03-09 13:45:00,-0.008060000000000001
1399,2025-03-09 14:00:00,-0.00221
1400,2025-03-09 14:15:00,-0.00221
1401,2025-03-09 14:30:00,-0.00221
1402,2025-03-09 14:45:00,-0.00221
1403,2025-03-09 15:00:00,0.01739
1404,2025-03-09 15:15:00,0.01739
1405,2025-03-09 15:30:00,0.01739
1406,2025-03-09 15:45:00,0.01739
1407,2025-03-09 16:00:00,0.081
1408,2025-03-09 16:15:00,0.081
1409,2025-03-09 16:30:00,0.081
1410,2025-03-09 16:45:00,0.081
1411,2025-03-09 17:00:00,0.11206
1412,2025-03-09 17:15:00,0.11206
1413,2025-03-09 17:30:00,0.11206
1414,2025-03-09 17:45:00,0.11206
1415,2025-03-09 18:00:00,0.12746
1416,2025-03-09 18:15:00,0.12746
1417,2025-03-09 18:30:00,0.12746
1418,2025-03-09 18:45:00,0.12746
1419,2025-03-09 19:00:00,0.13463
1420,2025-03-09 19:15:00,0.13463
1421,2025-03-09 19:30:00,0.13463
1422,2025-03-09 19:45:00,0.13463
1423,2025-03-09 20:00:00,0.12978
1424,2025-03-09 20:15:00,0.12978
1425,2025-03-09 20:30:00,0.12978
1426,2025-03-09 20:45:00,0.12978
1427,2025-03-09 21:00:00,0.12143999999999999
1428,2025-03-09 21:15:00,0.12143999999999999
1429,2025-03-09 21:30:00,0.12143999999999999
1430,2025-03-09 21:45:00,0.12143999999999999
1431,2025-03-09 22:00:00,0.11001000000000001
1432,2025-03-09 22:15:00,0.11001000000000001
1433,2025-03-09 22:30:00,0.11001000000000001
1434,2025-03-09 22:45:00,0.11001000000000001
1435,2025-03-09 23:00:00,0.10364
1436,2025-03-09 23:15:00,0.10364
1437,2025-03-09 23:30:00,0.10364
1438,2025-03-09 23:45:00,0.10364
1439,2025-03-10 00:00:00,0.09494
